{
  "accuracy": 0.9319711327552795,
  "loss": 0.23762138187885284,
  "precision": 0.9371816515922546,
  "recall": 0.9288461804389954,
  "auc": 0.992388129234314,
  "macro_precision": 0.9097977660402847,
  "macro_recall": 0.902740283436276,
  "macro_f1": 0.9024039949470668,
  "mcc": 0.9097635512967521,
  "kappa": 0.90871168780092
}